N°,Sección,Pregunta,Respuesta correcta,Incorrecta 1,Incorrecta 2,Incorrecta 3
1,ATEEZ,¿Qué significa ATEEZ?,A TEEnager Z,All Teen Zone,A Team of Eight Z,Around The Entire Zone
2,ATEEZ,¿En qué año debutó ATEEZ?,2018,2016,2017,2019
3,ATEEZ,¿En qué mes debutó ATEEZ?,Octubre,Enero,Julio,Diciembre
4,ATEEZ,¿Qué día de octubre debutó ATEEZ?,24,8,12,31
5,ATEEZ,¿A qué agencia pertenece ATEEZ?,KQ Entertainment,SM Entertainment,JYP Entertainment,HYBE
6,ATEEZ,¿Cuántos integrantes tiene ATEEZ?,8,6,7,9
7,ATEEZ,¿Cómo se llama el fandom de ATEEZ?,ATINY,ATEEN,ATZ,TREASURE
8,ATEEZ,¿Cuál fue la canción de debut de ATEEZ?,Pirate King,Wave,Illusion,Guerrilla
9,ATEEZ,¿Qué concepto marcó el debut de ATEEZ?,Piratas,Samuráis,Astronautas,Vaqueros
10,ATEEZ,¿Quién es el líder de ATEEZ?,Hongjoong,San,Yunho,Seonghwa
11,ATEEZ,¿Quién es el maknae de ATEEZ?,Jongho,Wooyoung,Mingi,Yeosang
12,ATEEZ,¿Quién es el integrante de mayor edad?,Seonghwa,Hongjoong,Yunho,Jongho
13,ATEEZ,¿Cómo se llama el EP debut de ATEEZ?,Treasure EP.1: All to Zero,Zero: Fever Part.1,Golden Hour: Part.1,Treasure EP.Fin
14,ATEEZ,¿Qué significa OT8?,Los 8 integrantes juntos,Octava gira,Orden total 8,Octavo aniversario
15,ATEEZ,¿Cuántos integrantes nacieron en 1999?,5,3,4,6
16,ATEEZ,¿Quién nació en el año 2000?,Jongho,San,Mingi,Hongjoong
17,ATEEZ,¿Quiénes nacieron en 1998?,Hongjoong y Seonghwa,Yunho y Yeosang,San y Mingi,Wooyoung y Jongho
18,ATEEZ,¿Quién cumple años el 7 de noviembre?,Hongjoong,Wooyoung,Jongho,Yunho
19,ATEEZ,¿Quién cumple años el 3 de abril?,Seonghwa,Yunho,Mingi,San
20,ATEEZ,¿Quién cumple años el 23 de marzo?,Yunho,Yeosang,Seonghwa,Wooyoung
21,ATEEZ,¿Quién cumple años el 15 de junio?,Yeosang,Jongho,San,Mingi
22,ATEEZ,¿Quién cumple años el 10 de diciembre?,San,Wooyoung,Hongjoong,Yunho
23,ATEEZ,¿Quién cumple años el 9 de agosto?,Mingi,Yeosang,Jongho,Seonghwa
24,ATEEZ,¿Quién cumple años el 26 de noviembre?,Wooyoung,Hongjoong,San,Yunho
25,ATEEZ,¿Quién cumple años el 12 de octubre?,Jongho,Mingi,Yeosang,Seonghwa
26,ATEEZ,¿Qué dos integrantes cumplen años en noviembre?,Hongjoong y Wooyoung,San y Jongho,Yunho y Mingi,Seonghwa y Yeosang
27,ATEEZ,¿Quién es el vocalista principal de ATEEZ?,Jongho,Mingi,Hongjoong,Yunho
28,ATEEZ,¿Cuántas letras tiene el nombre ATEEZ?,5,4,6,7
29,ATEEZ,¿De qué palabras surge el nombre ATINY?,ATEEZ y Destiny,ATEEZ y Tiny,ATEEZ y Infinity,ATEEZ y Unity
30,ATEEZ,¿Cuántos años cumple ATEEZ en 2026?,8,6,7,10
31,ATEEZ,¿En qué año nació el integrante más joven?,2000,1998,1999,2001
32,Discografía y lanzamientos,¿Cuándo salió Treasure EP.2: Zero to One?,15 de enero de 2019,24 de octubre de 2018,10 de junio de 2019,8 de octubre de 2019
33,Discografía y lanzamientos,¿Qué EP salió el 10 de junio de 2019?,Treasure EP.3: One to All,Treasure EP.2: Zero to One,Treasure EP.Fin: All to Action,Zero: Fever Part.1
34,Discografía y lanzamientos,¿Cómo se llama el primer álbum completo de ATEEZ?,Treasure EP.Fin: All to Action,Zero: Fever Part.1,The World EP.Fin: Will,Golden Hour: Part.1
35,Discografía y lanzamientos,¿Cuál fue el primer disco de ATEEZ certificado platino en Corea?,Zero: Fever Part.1,Treasure EP.1: All to Zero,Golden Hour: Part.1,Zero: Fever Part.3
36,Discografía y lanzamientos,¿Cuál fue el primer disco de ATEEZ certificado millón en Corea?,The World EP.1: Movement,Zero: Fever Part.1,The World EP.Fin: Will,Treasure EP.Fin: All to Action
37,Discografía y lanzamientos,¿Qué disco salió el 29 de julio de 2022?,The World EP.1: Movement,The World EP.Paradigm,Beyond: Zero,Spin Off: From the Witness
38,Discografía y lanzamientos,¿Cuál es el tema principal de The World EP.1: Movement?,Guerrilla,Crazy Form,Work,Inception
39,Discografía y lanzamientos,¿Cuál es el tema principal de The World EP.Fin: Will?,Crazy Form,Guerrilla,Work,Lemon Drop
40,Discografía y lanzamientos,¿Cuál es el tema principal de Golden Hour: Part.1?,Work,Ice On My Teeth,Lemon Drop,Adrenaline
41,Discografía y lanzamientos,¿Cuál es el tema principal de Golden Hour: Part.2?,Ice On My Teeth,Work,BAD,Crazy Form
42,Discografía y lanzamientos,¿Cuál es el tema principal de Golden Hour: Part.3?,Lemon Drop,Adrenaline,BAD,Work
43,Discografía y lanzamientos,¿Cuál es el tema principal de Golden Hour: Part.4?,Adrenaline,Lemon Drop,BAD,Ice On My Teeth
44,Discografía y lanzamientos,¿Cuál es el tema principal de Golden Hour: Part.5?,BAD,Adrenaline,Lemon Drop,Work
45,Discografía y lanzamientos,¿Cuándo salió Golden Hour: Part.4?,6 de febrero de 2026,13 de junio de 2025,26 de junio de 2026,11 de julio de 2025
46,Discografía y lanzamientos,¿Qué número de mini álbum es Golden Hour: Part.4?,El 13º,El 11º,El 12º,El 14º
47,Discografía y lanzamientos,¿Cuántas canciones tiene Golden Hour: Part.4?,5,4,7,8
48,Discografía y lanzamientos,¿Cuál fue el primer sencillo japonés de ATEEZ?,Dreamers,Limitless,Not Okay,Birthday
49,Discografía y lanzamientos,¿Cuál es el cuarto sencillo japonés de ATEEZ?,Birthday,Dreamers,Limitless,Not Okay
50,Discografía y lanzamientos,¿Qué sencillo japonés salió el 22 de marzo de 2023?,Limitless,Dreamers,Not Okay,Birthday
51,Discografía y lanzamientos,"¿Cómo se llama el tercer mini álbum japonés de ATEEZ, de noviembre de 2022?",The World EP.Paradigm,Beyond: Zero,Ashes to Light,The World EP.Fin: Will
52,Discografía y lanzamientos,¿En qué año salió el álbum japonés 'Ashes to Light'?,2025,2023,2024,2026
53,Discografía y lanzamientos,¿Qué DJ colaboró en 'Work Pt.2'?,Don Diablo,Steve Aoki,G-Eazy,Kylie Minogue
54,Discografía y lanzamientos,¿Qué rapero estadounidense colaboró en 'Work Pt.4'?,G-Eazy,Don Diablo,pH-1,J Balvin
55,Discografía y lanzamientos,¿Con quién se hizo 'Work Pt.3'?,"Eden-ary, su equipo de producción",Don Diablo,G-Eazy,Steve Aoki
56,Discografía y lanzamientos,¿Qué DJ hizo un remix festivalero de 'BAD'?,Steve Aoki,Don Diablo,Raiden,Martin Garrix
57,Discografía y lanzamientos,¿Qué actriz aparece en el video de 'BAD'?,Chase Infiniti,Zendaya,Anya Taylor-Joy,Jenna Ortega
58,Discografía y lanzamientos,¿Qué muestra el video de 'Work'?,A ATEEZ en trabajos como atender un diner y buscar oro,A ATEEZ en una nave espacial,A ATEEZ en un castillo medieval,A ATEEZ en un torneo deportivo
59,Discografía y lanzamientos,¿Qué canción de ATEEZ fue la primera en entrar al Billboard Hot 100?,Lemon Drop,Work,Guerrilla,BAD
60,Discografía y lanzamientos,¿Qué canción de la 'In Your Fantasy Edition' también entró al Hot 100?,In Your Fantasy,Lemon Drop,Adrenaline,BAD
61,"Giras, festivales y conciertos",¿Cómo se llamó la primera gira mundial de ATEEZ?,The Expedition Tour,The Fellowship: Break the Wall,Towards the Light: Will to Power,In Your Fantasy
62,"Giras, festivales y conciertos",¿Qué gira llevó a ATEEZ por Latinoamérica en 2023?,The Fellowship: Break the Wall,The Expedition Tour,In Your Fantasy,Towards the Light: Will to Power
63,"Giras, festivales y conciertos",¿En qué estadio de São Paulo hizo ATEEZ su primer show en un estadio?,Allianz Parque,Morumbi,Maracanã,Neo Química Arena
64,"Giras, festivales y conciertos",¿Cuántas ciudades tuvo la gira latinoamericana de 2023?,4,3,5,6
65,"Giras, festivales y conciertos",¿Cuál de estas ciudades NO fue parte de la gira latinoamericana de 2023?,Buenos Aires,Bogotá,Santiago,Ciudad de México
66,"Giras, festivales y conciertos",¿En qué ciudad cerró ATEEZ su gira latinoamericana de 2023?,Bogotá,Santiago,São Paulo,Ciudad de México
67,"Giras, festivales y conciertos",¿Qué gira de ATEEZ fue entre 2024 y 2025?,Towards the Light: Will to Power,The Fellowship: Break the Wall,The Expedition Tour,In Your Fantasy
68,"Giras, festivales y conciertos","¿Cuántos fans, aproximadamente, reunió la etapa norteamericana de Towards the Light en 2024?",200.000,50.000,100.000,500.000
69,"Giras, festivales y conciertos","¿En qué estadio de Queens, Nueva York, tocó ATEEZ en 2024?",Citi Field,Madison Square Garden,Yankee Stadium,Barclays Center
70,"Giras, festivales y conciertos","¿En qué estadio de Arlington, Texas, tocó ATEEZ en 2024?",Globe Life Field,AT&T Stadium,Toyota Stadium,Minute Maid Park
71,"Giras, festivales y conciertos",¿Qué estadio de París llenó ATEEZ siendo el primer artista de K-pop en hacerlo como show propio?,La Défense Arena,Stade de France,Accor Arena,Zénith de Paris
72,"Giras, festivales y conciertos",¿Cuántos países visitó el tramo europeo de Towards the Light?,9,5,12,15
73,"Giras, festivales y conciertos",¿Cómo se llama la gira mundial de 2025 y 2026?,In Your Fantasy,Towards the Light,The Expedition,Break the Wall
74,"Giras, festivales y conciertos",¿En qué ciudad empezó la gira In Your Fantasy en 2025?,Incheon,Seúl,Busan,Tokio
75,"Giras, festivales y conciertos",¿En qué estadio tocó ATEEZ en Ciudad de México en agosto de 2025?,Estadio GNP Seguros,Arena CDMX,Auditorio Nacional,Palacio de los Deportes
76,"Giras, festivales y conciertos",¿En qué ciudad abrió ATEEZ la etapa de Asia y Australia de 2026?,Taipéi,Yakarta,Singapur,Manila
77,"Giras, festivales y conciertos",¿En qué tres ciudades hizo ATEEZ sus primeros conciertos propios durante la gira 2026?,"Yakarta, Kuala Lumpur y Macao","Singapur, Manila y Bangkok","Melbourne, Sídney y Taipéi","Tokio, Osaka y Nagoya"
78,"Giras, festivales y conciertos",¿Qué festival de Londres encabezó ATEEZ en junio de 2026?,BST Hyde Park,Glastonbury,Wireless Festival,Reading Festival
79,"Giras, festivales y conciertos","¿Cuántos grupos de K-pop han encabezado BST Hyde Park, contando a ATEEZ?",3,1,2,5
80,"Giras, festivales y conciertos",¿En qué festival de EE. UU. fue ATEEZ el primer grupo masculino de K-pop?,Coachella,Lollapalooza,Governors Ball,Austin City Limits
81,"Giras, festivales y conciertos",¿En qué año tocó ATEEZ en Coachella?,2024,2022,2023,2025
82,"Giras, festivales y conciertos","¿Qué festival de Marruecos encabezó ATEEZ en 2024, siendo el primer acto de K-pop en hacerlo?",Mawazine,Timitar,Gnaoua,Jazzablanca
83,"Giras, festivales y conciertos",¿Qué mensaje llevó un avión que sobrevoló Coachella durante la presentación de ATEEZ?,Back to A,Golden Hour,ATEEZ is here,Welcome ATINY
84,"Giras, festivales y conciertos",¿Qué museo de EE. UU. tuvo una exposición pop-up de ATEEZ?,Museo Grammy,Museo MoMA,Museo Smithsonian,Museo Getty
85,"Giras, festivales y conciertos",¿Cómo se llama el fan meeting de 2026 en Seúl?,ATINY'S VOYAGE: TINY MYSTERY,ATINY'S TREASURE,ATEEZ FAN PARTY,GOLDEN HOUR FAN MEETING
86,"Giras, festivales y conciertos",¿Qué empresa supervisa la producción de las giras mundiales de ATEEZ?,AEG Presents,Live Nation,Ticketmaster,HYBE Live
87,"Giras, festivales y conciertos",¿Con qué sello estadounidense firmó ATEEZ en 2019?,RCA Records,Atlantic Records,Republic Records,Columbia Records
88,"Giras, festivales y conciertos",¿En qué programa de EE. UU. cantó ATEEZ 'BAD' en julio de 2026?,The Kelly Clarkson Show,The Tonight Show,Jimmy Kimmel Live!,Saturday Night Live
89,Charts y premios,¿Qué disco le dio a ATEEZ su primer número 1 en el Billboard 200?,The World EP.Fin: Will,Golden Hour: Part.1,Golden Hour: Part.2,Zero: Fever Part.1
90,Charts y premios,¿En qué año logró ATEEZ su primer número 1 en el Billboard 200?,2023,2021,2022,2024
91,Charts y premios,¿Cuántas semanas estuvo The World EP.Fin: Will en el Billboard 200?,6,2,4,10
92,Charts y premios,¿Qué puesto alcanzó Golden Hour: Part.1 en el Billboard 200?,2,1,3,5
93,Charts y premios,¿Qué Golden Hour fue el segundo número 1 de ATEEZ en el Billboard 200?,Part.2,Part.1,Part.3,Part.4
94,Charts y premios,¿Qué Golden Hour fue el tercer número 1 de ATEEZ en el Billboard 200?,Part.5,Part.4,Part.3,Part.1
95,Charts y premios,¿En qué puesto debutó Golden Hour: Part.4 en el Billboard 200?,3,1,2,5
96,Charts y premios,¿Cuántos discos top 10 consecutivos en el Billboard 200 sumó ATEEZ con Part.5?,9,5,7,12
97,Charts y premios,"¿Qué disco inició la racha de top 10 en el Billboard 200, con el puesto 3 en 2022?",The World EP.1: Movement,Zero: Fever Part.3,The World EP.Fin: Will,Golden Hour: Part.1
98,Charts y premios,¿Con qué dos grupos compartía ATEEZ el récord de top 10 de los años 2020 antes de superarlos?,Stray Kids y TOMORROW X TOGETHER,BTS y SEVENTEEN,ENHYPEN y TREASURE,TWICE y BLACKPINK
99,Charts y premios,¿Qué récord logró ATEEZ en el Reino Unido como grupo surcoreano?,Tres discos distintos en el top 10 en un mismo año,Un número 1 en singles,Un sold out en Wembley,Cinco discos en la misma semana
100,Charts y premios,¿Qué premio de iHeartRadio ganó ATEEZ en 2025?,Artista de K-pop del año,Mejor álbum,Mejor gira,Mejor video
101,Charts y premios,¿A qué categoría de los American Music Awards fue nominado ATEEZ?,Artista de K-pop favorito,Artista nuevo del año,Mejor álbum pop,Mejor gira
102,Charts y premios,"¿Cuántas copias vendió Golden Hour: Part.5 en su primera semana en Corea, según Hanteo?","1,88 millones",500 mil,1 millón,3 millones
103,Moda y eventos,¿Qué miembro de ATEEZ se unió al 'Balmain Army' de embajadores?,Hongjoong,San,Mingi,Yunho
104,Moda y eventos,¿Qué director creativo de Balmain invitó a Hongjoong a su desfile en París?,Olivier Rousteing,Alessandro Michele,Pierpaolo Piccioli,Hedi Slimane
105,Moda y eventos,¿De qué marca de moda es embajador global Seonghwa?,SONGZIO,Balmain,Calvin Klein,Diesel
106,Moda y eventos,¿En qué desfile debutó Seonghwa como modelo de pasarela?,Isabel Marant,Prada,Gucci,Dior
107,Moda y eventos,¿Qué miembro de ATEEZ es embajador de Calvin Klein?,Mingi,Seonghwa,Wooyoung,Jongho
108,Moda y eventos,¿Qué miembro de ATEEZ es embajador global de Dolce & Gabbana?,San,Hongjoong,Yeosang,Yunho
109,Moda y eventos,¿Quién asistió al desfile de DIESEL FW26 en Milán como único artista coreano?,Yunho,Wooyoung,San,Jongho
110,Moda y eventos,¿A qué marca fue Wooyoung en la Semana de la Moda de Milán de enero de 2026?,Prada,Diesel,Dolce & Gabbana,Gucci
111,Moda y eventos,"¿A qué desfile asistió Jongho en su primera Semana de la Moda de París, en 2026?",AMI Paris,SONGZIO,Louboutin,Balmain
112,Moda y eventos,¿Qué marca presentó la colección masculina SS27 a la que asistió Mingi en París?,Christian Louboutin,Balmain,AMI Paris,SONGZIO
113,Moda y eventos,¿Qué superestrella invitó a San a una cena privada durante la Semana de la Moda de Milán?,Madonna,Rihanna,Lady Gaga,Beyoncé
114,Moda y eventos,¿En qué marca de lujo debutó San en la Semana de la Moda de Milán?,Dolce & Gabbana,Prada,Versace,Gucci
115,"Actuación, programas y colaboraciones","¿Qué drama de KBS protagonizaron Yunho, Seonghwa, San y Jongho en 2021?",Imitation,Extraordinary You,True Beauty,Itaewon Class
116,"Actuación, programas y colaboraciones",¿Qué integrante NO actuó en 'Imitation'?,Hongjoong,Yunho,Seonghwa,San
117,"Actuación, programas y colaboraciones",¿Cómo se llama el grupo ficticio del que Yunho es el centro en 'Imitation'?,Sparkling,Moonlight,Pirates,Zero Boys
118,"Actuación, programas y colaboraciones",¿Cuántos grupos competían en 'Kingdom: Legendary War'?,6,4,8,10
119,"Actuación, programas y colaboraciones",¿En qué puesto terminó ATEEZ en 'Kingdom: Legendary War'?,3.º,1.º,2.º,6.º
120,"Actuación, programas y colaboraciones",¿Qué grupo ganó 'Kingdom: Legendary War'?,Stray Kids,ATEEZ,iKON,THE BOYZ
121,"Actuación, programas y colaboraciones",¿En qué canal se emitió 'Kingdom: Legendary War'?,Mnet,KBS,SBS,tvN
122,"Actuación, programas y colaboraciones","¿Qué plataforma emitió 'KPOPPED', donde ATEEZ colaboró con artistas internacionales?",Apple TV+,Netflix,Disney+,Max
123,"Actuación, programas y colaboraciones",¿Con qué cantante hizo ATEEZ 'Can't Get You Out of My Head' en KPOPPED?,Kylie Minogue,Dua Lipa,Madonna,Jennifer Lopez
124,"Actuación, programas y colaboraciones",¿Con qué artista latino hizo ATEEZ 'Mi Gente' en KPOPPED?,J Balvin,Bad Bunny,Maluma,Daddy Yankee
125,"Actuación, programas y colaboraciones",¿Cuántos integrantes de ATEEZ cantaron con Kylie Minogue en KPOPPED?,4,2,8,3
126,"Actuación, programas y colaboraciones",¿Qué miembro NO cantó con Kylie Minogue en KPOPPED?,San,Jongho,Wooyoung,Seonghwa
127,"Actuación, programas y colaboraciones",¿Cómo se llama la serie de ATEEZ de 2025 con formato de citas entre miembros?,ATEEZ+,WANTEEZ,ATEEZ DND,Wonderwall
128,"Actuación, programas y colaboraciones",¿Cuántos episodios tuvo ATEEZ+?,8,4,10,12
129,"Actuación, programas y colaboraciones",¿En qué plataforma se publica WANTEEZ?,YouTube,Netflix,Apple TV+,Disney+
130,"Actuación, programas y colaboraciones",¿En qué año empezó WANTEEZ?,2022,2020,2021,2023
131,"Actuación, programas y colaboraciones",¿Cómo se llama el episodio 1 de WANTEEZ?,Difícil primer día de clases,Mi primer día de pirata,Cena de aniversario,El gran examen
132,"Actuación, programas y colaboraciones","¿Qué especial tuvieron los episodios 9, 10 y 11 de WANTEEZ?",Health Special (salud),Quiz Special,Job Special,We're Closed Special
133,"Actuación, programas y colaboraciones",¿Qué especial tuvieron los episodios 12 y 13 de WANTEEZ?,Quiz Special,Health Special,Job Special,Proverb Special
134,"Actuación, programas y colaboraciones",¿Qué especial tuvo el episodio 14 de WANTEEZ?,Job Special (trabajos),Health Special,Quiz Special,Proverb Special
135,"Actuación, programas y colaboraciones",¿De qué trató el episodio 29 de WANTEEZ?,Proverbios 2023,Salud,Trabajos,Preguntas y respuestas
136,"Actuación, programas y colaboraciones",¿Qué serie de ATEEZ salió en Universe entre noviembre y diciembre de 2021?,ATEEZ DND,WANTEEZ,ATEEZ+,Wonderwall
137,"Actuación, programas y colaboraciones",¿Cómo se llama el contenido de 2021 de 11 episodios sobre el esfuerzo detrás de sus escenarios?,ATEEZ x Wonderwall,ATEEZ DND,WANTEEZ,ATEEZ Logbook
138,"Actuación, programas y colaboraciones","¿Qué dos integrantes participaron en 'Taste of Korea' con Rain, MONSTA X y Brave Girls?",Hongjoong y Yunho,San y Mingi,Wooyoung y Jongho,Seonghwa y Yeosang
139,Integrantes y familia,¿Cómo se llama el hermano mayor de Hongjoong?,Bumjoong,Gunho,Haneul,Jinjoong
140,Integrantes y familia,¿A qué se dedica el hermano mayor de Hongjoong?,Actor y bailarín contemporáneo,Cantante de rock,Chef,Deportista
141,Integrantes y familia,¿Cómo se llama el hermano menor de Yunho?,Gunho,Bumjoong,Haneul,Jinho
142,Integrantes y familia,¿Cuántos hermanos tiene Wooyoung?,"2, uno mayor y uno menor","1, mayor",3,Ninguno
143,Integrantes y familia,"¿Qué significa 'Haneul', el nombre de la hermana mayor de San?",Cielo,Mar,Estrella,Sol
144,Integrantes y familia,¿Qué integrante fue el primero en unirse a KQ Entertainment?,Hongjoong,Yunho,Seonghwa,Wooyoung
145,Integrantes y familia,¿Qué integrante fue el segundo en unirse a KQ Entertainment?,Yunho,Seonghwa,Mingi,San
146,Integrantes y familia,¿Qué integrante fue el último en unirse a KQ Entertainment?,Wooyoung,Jongho,Yeosang,San
147,Integrantes y familia,¿Qué dos integrantes fueron trainees de Big Hit antes de entrar a KQ?,Yeosang y Wooyoung,Hongjoong y San,Yunho y Mingi,Seonghwa y Jongho
148,Integrantes y familia,¿Cómo se llamaba ATEEZ antes de debutar?,KQ Fellaz,KQ Pirates,KQ Boys,Zero Crew
149,Integrantes y familia,¿Dónde se entrenó el grupo en el extranjero cuando todavía eran KQ Fellaz?,California,Tokio,Londres,Nueva York
150,Integrantes y familia,"¿Cómo se le dice a Hongjoong en el grupo, además de líder?",Capitán,Almirante,Timonel,Corsario
151,Integrantes y familia,¿En qué ciudad nació Yunho?,Gwangju,Seúl,Busan,Incheon
152,Integrantes y familia,¿En qué ciudad nació Yeosang?,Pohang,Daegu,Incheon,Gwangju
153,Integrantes y familia,¿En qué ciudad nació Mingi?,Incheon,Pohang,Gwangju,Daejeon
154,Integrantes y familia,¿Quién es el rapero principal de ATEEZ?,Mingi,Hongjoong,San,Wooyoung
155,Integrantes y familia,¿Qué dos integrantes figuran como letristas de las cinco canciones de Golden Hour: Part.4?,Hongjoong y Mingi,San y Wooyoung,Yunho y Jongho,Seonghwa y Yeosang
156,Integrantes y familia,¿Qué pasó en 2025 con los contratos de los ocho integrantes con KQ?,Todos los renovaron,Dos no renovaron,Pasaron a otra agencia,Se pausaron
